,intensite,tension,resistance
0,0.1,0.3,2.9999999999999996
1,0.2,0.7,3.4999999999999996
2,0.3,0.9,3.0
3,0.4,1.1,2.75
4,0.5,1.6,3.2
5,0.7,2.3,3.2857142857142856
6,0.8,2.2,2.75
7,0.9,2.8,3.1111111111111107
8,1.0,3.1,3.1
